id,value,group
foo,1.764052345967664,1
foo,0.4001572083672233,2
bar,0.9787379841057392,1
bar,2.240893199201458,2
